{"cameraMode":{"drawMode":0,"name":"Shaded","section":"Shading Mode"},"sceneLighting":false,"audioPlay":false,"sceneViewState":{"m_AlwaysRefresh":false,"showFog":true,"showSkybox":true,"showFlares":true,"showImageEffects":true,"showParticleSystems":true,"showVisualEffectGraphs":true,"m_FxEnabled":true},"in2DMode":false,"pivot":{"x":1.0024548768997193,"y":6.294256687164307,"z":50.204349517822269},"rotation":{"x":0.03696340322494507,"y":-0.9438720345497131,"z":0.30818718671798708,"w":0.11323468387126923},"size":0.3881257474422455,"orthographic":false}